{"text": " House, House, y'all, brother.", "segments": [{"id": 0, "seek": 0, "start": 0.0, "end": 2.0, "text": " House, House, y'all, brother.", "tokens": [50363, 2097, 11, 2097, 11, 331, 6, 439, 11, 3956, 13, 50463], "temperature": 0.0, "avg_logprob": -0.8514317732590896, "compression_ratio": 0.90625, "no_speech_prob": 0.04536833241581917}], "language": "en"}