{"text": " Good morning, everyone. Thank you for coming today. Good morning, John. Always your project going. It's a rubberized wire. They have finished the first phase.", "segments": [{"id": 0, "seek": 0, "start": 0.0, "end": 7.0, "text": " Good morning, everyone. Thank you for coming today. Good morning, John.", "tokens": [50363, 4599, 3329, 11, 2506, 13, 6952, 345, 329, 2406, 1909, 13, 4599, 3329, 11, 1757, 13, 50713], "temperature": 0.0, "avg_logprob": -0.4810482206798735, "compression_ratio": 1.253968253968254, "no_speech_prob": 0.24835681915283203}, {"id": 1, "seek": 0, "start": 7.0, "end": 14.0, "text": " Always your project going. It's a rubberized wire.", "tokens": [50713, 16622, 534, 1628, 1016, 13, 632, 338, 257, 14239, 1143, 6503, 13, 51063], "temperature": 0.0, "avg_logprob": -0.4810482206798735, "compression_ratio": 1.253968253968254, "no_speech_prob": 0.24835681915283203}, {"id": 2, "seek": 0, "start": 14.0, "end": 18.0, "text": " They have finished the first phase.", "tokens": [51063, 1119, 423, 5201, 262, 717, 7108, 13, 51263], "temperature": 0.0, "avg_logprob": -0.4810482206798735, "compression_ratio": 1.253968253968254, "no_speech_prob": 0.24835681915283203}], "language": "en"}