{"text": " Good morning, everyone. Thank you for your coming.", "segments": [{"id": 0, "seek": 0, "start": 0.0, "end": 6.0, "text": " Good morning, everyone. Thank you for your coming.", "tokens": [50363, 4599, 3329, 11, 2506, 13, 6952, 345, 329, 534, 2406, 13, 50663], "temperature": 0.0, "avg_logprob": -0.6278112956455776, "compression_ratio": 0.9259259259259259, "no_speech_prob": 0.1562003195285797}], "language": "en"}