{"text": " It's for our dressing well. It's great project.", "segments": [{"id": 0, "seek": 0, "start": 0.0, "end": 8.52, "text": " It's for our dressing well. It's great project.", "tokens": [50363, 632, 338, 329, 674, 18544, 880, 13, 632, 338, 1049, 1628, 13, 50789], "temperature": 0.0, "avg_logprob": -0.8615018844604492, "compression_ratio": 0.8867924528301887, "no_speech_prob": 0.15118566155433655}], "language": "en"}