{"text": " It's proper rising well. It's a great project.", "segments": [{"id": 0, "seek": 0, "start": 0.0, "end": 8.2, "text": " It's proper rising well. It's a great project.", "tokens": [50363, 632, 338, 1774, 7396, 880, 13, 632, 338, 257, 1049, 1628, 13, 50773], "temperature": 0.0, "avg_logprob": -0.6264711380004883, "compression_ratio": 0.92, "no_speech_prob": 0.08911366015672684}], "language": "en"}