{"text": " It's", "segments": [{"id": 0, "seek": 0, "start": 0.0, "end": 19.3, "text": " It's", "tokens": [50363, 632, 338, 51328], "temperature": 1.0, "avg_logprob": -2.034235159556071, "compression_ratio": 0.3333333333333333, "no_speech_prob": 0.06068649888038635}], "language": "en"}